customer_id,customer_name,email,phone_number,address,customer_since
"1","Lorena Moore","April.Swift@hotmail.com","(541) 231-3652","649 Durgan Walk Apt. 344","2023-02-23"
"2","Lynda Gusikowski","Agustin24@hotmail.com","1-493-588-7485 x8168","55630 5th Street Suite 608","2020-11-30"
"3","Thomas Feest","Cassidy_Gibson@hotmail.com","(456) 657-8083 x2331","9018 Lemke Fork Apt. 452","2023-12-04"
"4","Manuel Cummerata","Jarvis14@hotmail.com","820-395-3916 x049","8552 Terrell Manors Suite 583","2024-11-01"
"5","Faye Kuhn MD","Emie.Volkman37@yahoo.com","(416) 608-8035","3841 Runolfsdottir Dam Apt. 799","2025-07-29"
"6","Sylvia Kihn","Billie85@hotmail.com","(246) 679-9122 x552","2529 Mitchel Knoll Suite 771","2022-05-31"
"7","Nelson Walker","Nadia.Grady76@yahoo.com","723-906-0001","1580 Name Expressway Suite 904","2022-06-08"
"8","Laurence Bartell III","Xzavier48@gmail.com","1-675-678-1062 x7726","1309 Bluebell Close Suite 657","2022-04-28"
"9","Lucille Will Sr.","Katheryn41@yahoo.com","(774) 539-4935 x628","973 Cassin Stream Suite 950","2021-01-16"
"10","Rickey Collins","Sherwood33@yahoo.com","1-395-797-7921 x06976","360 Libby Mall Apt. 709","2024-10-25"
"11","Peggy Walsh IV","Mikayla92@gmail.com","1-660-853-8731","43420 Meagan Unions Apt. 407","2024-12-17"
"12","Vivian Borer","Vada.Hyatt89@hotmail.com","231.680.6338 x135","954 Conn Pass Suite 257","2022-01-08"
"13","Mr. Wilbur Leuschke","Jazlyn77@hotmail.com","592-829-0832","1580 Becker Ferry Suite 290","2023-08-21"
"14","Beverly Kerluke","Mireya.Ernser94@hotmail.com","602-360-4207 x9845","280 Beech Grove Suite 627","2023-05-08"
"15","Kristine Krajcik","Andy46@gmail.com","1-441-683-6088 x2055","9098 Block Corners Apt. 437","2024-05-14"
"16","Woodrow Wiegand","Ciara.Daugherty13@yahoo.com","1-777-839-9598 x8537","220 W Jefferson Street Apt. 326","2025-05-28"
"17","Jesse Cummings","Ricky_Hammes73@hotmail.com","1-673-972-6656","3046 Hauck Ramp Apt. 439","2021-08-16"
"18","Dorothy Feil","Shakira.Harris@gmail.com","(724) 365-0203 x1953","61790 Mary Loop Apt. 219","2025-07-27"
"19","Gregg Moen","Aaliyah.Becker@gmail.com","507-298-8304","5715 Schoen Place Suite 653","2021-11-21"
"20","Michael Waelchi-Pagac","Pasquale_Carter90@hotmail.com","1-745-998-6566 x50357","36163 1st Street Suite 825","2021-12-16"
"21","Elaine Kris","Bud.Franey@hotmail.com","1-867-883-6049 x5512","1186 Cedar Road Apt. 105","2025-01-05"
"22","Mrs. Kristi Hirthe","Ofelia81@yahoo.com","1-846-809-4894 x86124","85116 Rodger Route Suite 652","2021-08-30"
"23","Jack Rath","Josefina79@yahoo.com","938.916.6502 x6947","785 Daugherty Underpass Apt. 845","2020-12-01"
"24","Jordan Feest","Wyman17@hotmail.com","(387) 230-4193","83272 Maple Drive Suite 261","2022-01-05"
"25","Catherine Osinski","Ayden_Bosco@gmail.com","660-456-1455 x0231","70767 St John's Road Suite 550","2025-06-17"
"26","Daryl Schowalter","Rodger62@gmail.com","1-846-365-9504 x6320","78325 Krystel Meadow Suite 217","2023-05-04"
"27","Wanda Hand","Amina_Kutch49@gmail.com","913.817.7940 x55514","4755 Estella Summit Suite 617","2024-07-17"
"28","Gladys Feest","Zoila.Armstrong32@hotmail.com","1-658-695-1498 x5336","503 E Washington Street Suite 360","2020-10-26"
"29","Shannon Corkery","Jeffery57@gmail.com","513-917-0885 x815","350 King's Road Suite 628","2021-08-11"
"30","Juana Maggio","Santa_Haag32@yahoo.com","847.343.2083 x94593","721 The Crescent Suite 458","2021-03-26"
"31","Dwayne Nitzsche","Shawn_Swift@yahoo.com","504-893-2879 x1784","18295 Effertz Causeway Apt. 559","2021-04-28"
"32","Louis Jones","Nicklaus23@hotmail.com","333-972-2714 x48538","73983 Castle Road Apt. 134","2021-04-04"
"33","Robin Mraz","Terrence_Kessler@yahoo.com","1-228-262-0568 x1416","61170 Blanca Springs Suite 124","2023-08-05"
"34","Lynn Skiles","Florian92@hotmail.com","728-876-9267 x9173","74975 Ledner Groves Suite 499","2022-09-22"
"35","Blanche Farrell","Scot.Hayes7@hotmail.com","1-388-321-8416","46633 Melba Cove Apt. 960","2025-09-15"
"36","Freda Brown","Mariam_Dooley-Hackett@hotmail.com","332-232-9263 x931","273 Center Street Suite 540","2024-12-26"
"37","Nick Sawayn","Leta11@hotmail.com","(820) 609-1848 x5638","9832 Abraham Spurs Suite 432","2022-10-20"
"38","Alexis Gislason","Paolo64@gmail.com","255-727-3078 x4486","9144 Breanna Rest Suite 856","2025-10-16"
"39","Ms. Roxanne Padberg","Lucy.Kiehn70@yahoo.com","251.807.7466","376 Orn Spur Suite 819","2022-04-09"
"40","Elizabeth Dare","Cordell_Zieme77@hotmail.com","1-783-848-0525 x243","26948 Nightingale Close Apt. 169","2023-12-03"
"41","Michael Gerhold-Gibson","Francesco_Jakubowski30@hotmail.com","1-507-680-9534 x4984","81923 Shad Island Suite 180","2024-06-12"
"42","Minnie Greenholt","Ari_Marvin@hotmail.com","(507) 470-6210 x022","1309 Turner Well Apt. 208","2021-08-19"
"43","Minnie Gorczany","Whitney_Will99@gmail.com","(649) 254-8044 x446","92745 Kirlin Heights Apt. 962","2025-01-09"
"44","Richard Wiegand","Ephraim_OConner40@yahoo.com","293.923.0036 x48210","75048 Wiza Fort Suite 699","2024-07-30"
"45","Lillie McKenzie","Jessy54@yahoo.com","(928) 413-5301","60639 Hickle Ranch Suite 653","2021-04-04"
"46","Craig Powlowski Jr.","Natalie_Romaguera@hotmail.com","407-329-5726 x096","880 Terry Common Suite 729","2024-08-30"
"47","Brandi Schowalter","Daniela.Hoppe@yahoo.com","(849) 771-0542 x5944","40459 Ritchie Locks Apt. 648","2022-02-16"
"48","Emmett Durgan V","Maritza.Kirlin@yahoo.com","(603) 470-2022","83052 Bettie Harbor Apt. 250","2025-09-06"
"49","Megan Johns","Odell.Bednar17@hotmail.com","1-896-241-8689","338 Barton Road Suite 438","2023-04-06"
"50","Mr. Elijah Dach DVM","Leora.Prosacco43@hotmail.com","655.402.5355 x20031","9605 W North Street Apt. 278","2022-04-14"
"51","Ms. Kelli Grady","Dillan.Sauer97@yahoo.com","608-903-9988 x39364","372 Vincenzo Ferry Apt. 459","2024-09-03"
"52","Mrs. Lola Bailey","Loy.Gleichner20@gmail.com","(653) 827-7970 x899","68991 Caleigh Park Apt. 319","2024-03-09"
"53","Cameron Olson","Walter_Walker@yahoo.com","844.314.4217","14283 Aspen Close Suite 799","2025-04-11"
"54","Miss Jessica Dickens-Weissnat","Opal28@hotmail.com","1-223-592-4234 x133","19933 Lulu Bypass Apt. 453","2024-06-17"
"55","Jake Mayert DVM","Emilia_Bergnaum-Gutmann60@gmail.com","971.724.9057 x67232","6016 Lockman Vista Suite 627","2023-06-05"
"56","Miss Beulah Collier","Dion_Harvey44@yahoo.com","509-548-4381 x627","270 Zemlak Streets Apt. 394","2025-03-25"
"57","Shelley Jast","Brain.Wolff@yahoo.com","(866) 615-9768 x79075","33565 Mayer Glen Apt. 506","2021-04-30"
"58","Jan Herman-Mohr","Hadley.DAmore@gmail.com","766.359.4542","72314 The Beeches Suite 933","2021-05-03"
"59","Christie Pagac","Elda_Hoppe@hotmail.com","1-800-910-1454","4915 Wilfredo Forest Suite 605","2020-11-17"
"60","Tiffany Rippin","Finn_Little62@gmail.com","803.742.7935","369 Morar Dale Suite 471","2025-04-21"
"61","Duane Mills II","Era38@hotmail.com","1-739-275-1406 x5563","5423 Manor Drive Suite 207","2023-10-09"
"62","Irma Nikolaus","Aglae.Collins@yahoo.com","727.351.1831 x469","3551 Electa Cape Suite 638","2025-03-04"
"63","Rene Littel","Ansel_Ullrich38@hotmail.com","492-829-4917 x601","59092 Cumberland Street Apt. 998","2025-06-27"
"64","Gordon O'Reilly","Jaleel94@gmail.com","1-460-903-5137 x92156","51137 Herzog Brook Apt. 690","2024-11-08"
"65","Heidi Blanda","Roderick80@gmail.com","(639) 835-7954 x19058","51213 Willow Drive Suite 862","2024-05-06"
"66","Louis Koelpin","Marcel.Prosacco@yahoo.com","646.357.9811 x5929","5287 Aufderhar Manors Apt. 233","2024-11-13"
"67","Archie Daniel","Nicklaus_Waters65@yahoo.com","996-734-4776 x0210","8518 Botsford Heights Apt. 462","2025-03-04"
"68","Mrs. Brandy Harvey","Efren.Strosin@yahoo.com","(856) 349-2666 x4249","5111 Greenville Road Suite 962","2022-11-11"
"69","Kristine Prohaska","Beverly99@hotmail.com","608-577-9422 x432","419 Tillman Road Suite 264","2023-10-25"
"70","Laurence Morissette","Tiffany_Spencer@hotmail.com","1-897-794-7918","40086 Baker Street Apt. 385","2024-05-07"
"71","Leticia Schoen","Lindsay.Heller@yahoo.com","814-577-5586","79768 Ernser Burg Apt. 787","2022-08-20"
"72","Henry Heathcote PhD","Ahmad.Legros@hotmail.com","379-513-8624 x50918","57757 Smith Street Apt. 540","2021-12-19"
"73","Julia Cormier I","Annalise_Schroeder@hotmail.com","(790) 932-6441 x6602","32251 Morar Shore Suite 889","2023-11-17"
"74","Tricia Trantow IV","Freddie50@gmail.com","697-418-8023","3755 Sydney Course Apt. 939","2023-03-18"
"75","Joel Bailey","Vivianne.Hills@hotmail.com","(310) 874-6371 x421","3175 Jeremy Rest Apt. 776","2022-02-05"
"76","Viola Upton","Rosetta_Dooley17@gmail.com","(657) 313-2385 x45888","2813 N Maple Street Apt. 706","2021-10-20"
"77","Blanche Braun","Agustina1@gmail.com","(481) 912-6557 x121","686 Joshua Courts Suite 983","2022-05-24"
"78","Julia Medhurst","Hazel_Mueller87@gmail.com","1-912-235-4743 x55886","152 Price Viaduct Suite 297","2020-11-06"
"79","Bennie Cummings","Meggie96@hotmail.com","744-600-5040 x086","284 Una Cliff Apt. 644","2024-01-15"
"80","Kerry Lynch III","Thad.Rolfson41@hotmail.com","797-293-4747","5544 Berge Dale Apt. 469","2024-04-10"
"81","Mindy Langosh","Herman71@gmail.com","(370) 219-0800 x57780","6760 Birch Close Apt. 642","2025-05-13"
"82","Aubrey Reinger","Loren_Hammes@yahoo.com","1-553-555-4007 x9001","815 Declan Roads Suite 332","2025-08-17"
"83","Dr. Essie Kuhn","Lyla.Lang@hotmail.com","627.256.0823 x505","1746 Bridge Road Suite 378","2023-11-25"
"84","Rosemary Nienow","Maida.Schiller@gmail.com","899.665.3334","72114 Augustus Center Suite 507","2022-01-28"
"85","Kathy Batz","Derek_Turner@hotmail.com","862.356.5502 x207","53873 Northfield Road Suite 467","2024-09-24"
"86","Shane Torphy V","Frances73@yahoo.com","483.504.6497","3877 Heron Close Suite 371","2024-12-05"
"87","Marc Murazik","Andreanne92@yahoo.com","576-762-1255 x908","29233 Locust Street Apt. 180","2024-07-20"
"88","Homer Wolff","Braeden51@yahoo.com","674-204-5341 x95508","994 The Mews Suite 459","2025-01-17"
"89","Johnnie Torphy","Stefanie.Waelchi@yahoo.com","(818) 396-9982","8421 Windler Hill Apt. 786","2021-01-27"
"90","Muriel Kihn","Marlon.Collier@gmail.com","875.415.3068 x58842","79143 Barn Close Suite 228","2023-08-06"
"91","Donald Koch","Kaylin.Boyer63@gmail.com","357-576-8369 x8811","39848 Cleveland Street Apt. 482","2020-11-10"
"92","Ian Torphy","Mac41@yahoo.com","1-394-403-9496 x10598","347 Alexandro Groves Suite 315","2023-08-15"
"93","Dr. Mario Wiza","Jennie_Welch68@hotmail.com","986.768.0853 x4582","16583 Troy Land Suite 787","2022-01-06"
"94","Darryl Lang Sr.","Vesta71@yahoo.com","1-758-959-1829","469 N 6th Street Suite 308","2025-08-17"
"95","Lamar Gleason","Reed30@gmail.com","(348) 598-7490 x5332","32097 Jarred Manor Suite 677","2023-12-11"
"96","Lila Hoppe","Zack24@yahoo.com","1-965-444-7805 x578","58344 Toy Turnpike Apt. 496","2022-09-27"
"97","Cynthia Huels","Jayne39@gmail.com","446.448.1011 x10887","58558 Gottlieb Lights Suite 462","2022-03-07"
"98","Angela Rempel","Enrique_Haley@gmail.com","667-253-7490 x3287","968 Back Lane Apt. 403","2022-07-08"
"99","Dr. Joe Hermann","Ayden11@yahoo.com","838-551-2783 x73706","974 Schultz Meadow Apt. 298","2022-02-04"
"100","Mrs. Rita Hagenes","Alyson_Corwin63@gmail.com","983-895-7235 x761","702 Kristina Valleys Suite 296","2022-10-12"
"101","Lowell Schuppe","Tina0@gmail.com","1-619-359-2229","2287 Grant Crest Suite 505","2024-01-19"
"102","Matthew Hamill","Erna_Tromp30@gmail.com","590-397-8393 x0562","23579 The Ridgeway Suite 293","2022-10-12"
"103","Milton Nicolas","Virgie.Thiel-Glover@yahoo.com","1-884-991-0530","397 Lincoln Road Apt. 109","2023-03-07"
"104","Judith Heathcote","Arthur.McCullough@gmail.com","(489) 834-0609 x0074","916 Delphine Lodge Suite 183","2023-09-21"
"105","Rolando Beatty","Bryana_Ratke@gmail.com","400-993-6762 x776","2896 State Road Suite 272","2024-09-10"
"106","Tanya Gulgowski","Daisy1@yahoo.com","1-917-591-3845 x83375","634 Waylon Squares Apt. 579","2020-11-28"
"107","Ramon Gorczany","Mavis.Sanford18@gmail.com","919.256.2382","698 W 9th Street Suite 683","2021-12-04"
"108","Javier Auer","Reece22@gmail.com","256-523-0643 x45346","55729 S Washington Avenue Apt. 609","2021-06-15"
"109","Lula Thompson","Trinity.Herman@gmail.com","797-757-3056 x2732","89186 Ernser Common Apt. 502","2021-11-21"
"110","Kenny Mosciski","Ottilie27@yahoo.com","851-631-1896","844 Glover Keys Apt. 492","2023-04-07"
"111","Rita Marvin","Solon98@yahoo.com","445-520-9133","325 Manor Drive Apt. 572","2024-04-26"
"112","Rickey Nienow","Maurine4@gmail.com","(747) 258-0877","3973 Lesch River Apt. 338","2024-11-28"
"113","Lynda Zieme","Vaughn47@yahoo.com","(728) 268-5604 x579","9353 Cummings Ville Apt. 459","2021-12-04"
"114","Rolando Green","Martina.Heathcote@hotmail.com","1-695-494-6153 x2617","11783 N Park Street Apt. 325","2024-10-05"
"115","Luke Leffler","Abbigail.Gottlieb66@gmail.com","697-897-1414 x3059","124 Schowalter Shore Suite 311","2025-03-01"
"116","Sophie Hickle","Lesley_OConner39@hotmail.com","730-661-9279 x3383","721 Lodge Lane Suite 918","2022-03-01"
"117","Jesse Breitenberg","Eula_OKeefe@hotmail.com","(447) 278-0442 x649","47402 Wood Street Suite 811","2021-04-08"
"118","Norma Hodkiewicz","Jefferey.Mueller@hotmail.com","1-730-313-5653 x27715","700 First Street Suite 263","2024-02-10"
"119","Alice Krajcik","Maude73@hotmail.com","315-737-0448 x1999","54631 Reilly Knolls Apt. 958","2021-09-23"
"120","Alexis Wunsch","Mario81@hotmail.com","746-338-9775 x169","908 Batz Burgs Suite 723","2025-06-10"
"121","Johnnie Wyman","Minerva20@hotmail.com","(215) 409-5872 x61472","52282 Bins Turnpike Apt. 764","2022-03-08"
"122","Lionel Jakubowski","Lauretta.Macejkovic16@hotmail.com","1-386-286-4668","229 S Main Avenue Suite 153","2022-08-07"
"123","Jeffery Willms","Nasir_Tromp63@gmail.com","252.492.3329 x5931","94400 Rolfson Islands Suite 756","2024-09-20"
"124","Laura Quitzon","Dusty.Carter@hotmail.com","687-588-5852 x61327","82462 High Street Apt. 684","2022-08-16"
"125","Sheryl Denesik","Nora.Ullrich0@yahoo.com","1-755-588-9900","18061 Marley Trail Suite 930","2023-10-09"
"126","Dr. Sandra Monahan DVM","George42@hotmail.com","(545) 449-0426 x648","79173 Roman Way Apt. 860","2022-06-30"
"127","Nadine Boehm","Amy.Koch@yahoo.com","884-739-5051 x291","622 Ondricka Viaduct Suite 867","2023-09-24"
"128","Leon Muller","Brianne_Kuhlman81@yahoo.com","905.333.8270 x157","63764 Harris Route Apt. 947","2024-08-08"
"129","Julius Feest III","Brant27@hotmail.com","(545) 398-5027","48089 Maggio Coves Apt. 342","2024-02-06"
"130","Tracy Prohaska","Rosemarie.Kerluke@yahoo.com","(750) 619-4819 x0674","6912 Rempel Haven Suite 917","2020-10-29"
"131","Dwight Ernser","Stan.Schoen96@gmail.com","(866) 468-1018 x575","4153 Schamberger Union Suite 677","2025-01-29"
"132","Alejandro Kuhic","Lane79@gmail.com","(870) 680-2536 x12970","34589 Leannon Circle Suite 889","2022-05-05"
"133","Mario Ortiz DVM","Armando_Bosco@gmail.com","262.967.9140 x63948","857 The Laurels Apt. 525","2022-05-28"
"134","Fredrick Morar","Domenick73@yahoo.com","(556) 769-4879 x580","39564 Wisozk Wall Suite 986","2024-03-01"
"135","Sara Ryan","Tre_Stark@gmail.com","551-219-9059","128 Rosenbaum Motorway Apt. 754","2022-07-08"
"136","Amy Von","Curt_Ondricka59@yahoo.com","279-396-3136 x302","1095 Jaron Parks Apt. 397","2021-01-07"
"137","Doug Kuhn Sr.","Trinity_Rau56@gmail.com","518-669-9411 x57231","84811 Gleichner Mount Suite 957","2024-05-06"
"138","Mr. Tim Rice","Kyler_Schmeler38@gmail.com","(246) 451-7320 x6020","4484 Terrence Rapid Suite 449","2021-05-17"
"139","Derrick Stroman","Lilian.Will@gmail.com","1-521-768-4250 x12845","4845 Earnest Place Apt. 113","2023-03-27"
"140","Camille Gerlach","Javonte.Metz@gmail.com","704-305-5097 x588","58165 Gerlach Fork Apt. 513","2025-08-14"
"141","Ernest Gislason","Pietro.Gutmann91@hotmail.com","237-704-3711","43982 Luigi Cape Apt. 818","2024-01-02"
"142","Amelia Durgan PhD","Rebecca_Schaden@yahoo.com","706.516.7211 x454","2800 Forest Avenue Apt. 825","2024-03-10"
"143","Leticia Weber-Williamson","Itzel.Russel74@yahoo.com","(909) 212-3064 x4529","3221 Erik Well Apt. 624","2022-11-06"
"144","Cynthia Halvorson","Clarabelle.Orn18@gmail.com","(831) 864-9581 x64143","98120 Feest Locks Apt. 159","2022-08-30"
"145","Dr. Kent Jacobs-Lesch MD","Mercedes.Witting99@gmail.com","797-552-1150 x4593","96473 Spring Gardens Apt. 172","2022-10-28"
"146","Gregg Marvin","Keaton81@gmail.com","262.262.0407 x0387","9504 Charlene Crossroad Suite 502","2023-09-16"
"147","Karla Leffler-Powlowski","Kira81@gmail.com","583-258-2435 x2021","4661 Mill Lane Apt. 577","2024-12-11"
"148","Mr. Wilfred Waters","Jakayla.Bahringer@hotmail.com","876.236.8338","196 Pinfold Lane Apt. 708","2020-11-14"
"149","Gordon Abbott","Manuel_Huel@hotmail.com","(475) 890-1390 x856","8200 Homenick Canyon Apt. 403","2024-06-09"
"150","June Nienow","Hallie42@hotmail.com","1-749-891-1390 x501","944 Weimann Mission Apt. 819","2025-05-11"
"151","Henry Carroll","Gus_Rodriguez86@yahoo.com","784-208-2701 x063","3446 Klocko Crossroad Apt. 897","2022-12-09"
"152","Anita Wiza","Grant.Nicolas@yahoo.com","834.475.7926 x833","17589 Walker Course Apt. 710","2021-06-05"
"153","Laurie Haag","Mathew_Gerlach@hotmail.com","(495) 418-2063 x0157","417 Cathryn Harbor Apt. 560","2024-07-21"
"154","Tony Toy","Mariana_Murphy@hotmail.com","1-571-997-3420 x4252","8440 Quarry Lane Suite 408","2025-04-04"
"155","Greg Fay","Max43@yahoo.com","1-601-544-4144 x43151","4450 E 6th Avenue Suite 387","2022-08-15"
"156","Patricia Runolfsdottir-Fahey","Roslyn89@gmail.com","619-596-9387 x0751","77523 Washington Street Suite 657","2021-11-17"
"157","Daniel Quigley","Ahmed_Kessler@yahoo.com","305.908.2543 x111","6343 Commercial Street Apt. 189","2023-08-05"
"158","Joseph Goyette","Johnnie_Konopelski@yahoo.com","(265) 822-1362 x3827","1016 11th Street Apt. 627","2024-02-05"
"159","Lonnie Green","Mallie_Welch5@yahoo.com","731.724.4724","72117 The Willows Suite 602","2022-12-22"
"160","Dwight Rempel","Nedra23@hotmail.com","(555) 215-2855 x8353","67038 Charlie Islands Suite 857","2025-07-08"
"161","Juanita McCullough","Orion9@hotmail.com","524.947.6072 x29345","292 S Washington Avenue Suite 736","2024-08-18"
"162","Santiago Krajcik","Chaz97@hotmail.com","604-563-3600 x75312","318 Austin Villages Suite 240","2023-09-10"
"163","Mitchell Dach","Lukas.Rodriguez@yahoo.com","528.296.4644 x7195","5921 Anika Camp Apt. 354","2022-11-25"
"164","Dr. Martin Jacobi","Jaida57@yahoo.com","(332) 324-5303 x3870","16247 South View Apt. 372","2021-09-26"
"165","Doreen Brown","Oleta.Sanford34@yahoo.com","259.500.1742 x478","6364 Buckridge Club Suite 183","2025-06-11"
"166","Stacey Rosenbaum","Saige.Pacocha34@hotmail.com","756.354.8271 x35848","10032 Cedar Street Suite 272","2023-05-04"
"167","Sharon Abernathy","Ole.Rau64@gmail.com","771-694-5320 x275","87046 Cartwright Canyon Suite 799","2021-11-28"
"168","Isabel Daugherty","Keegan_Reinger@yahoo.com","712.631.2849 x9141","28936 Lempi Roads Apt. 653","2025-08-30"
"169","Jill Swaniawski","Ellen_Thompson@yahoo.com","853.781.5476 x083","82275 Krista Circles Suite 761","2021-03-13"
"170","Jenna Gislason","Rylee_Bahringer55@hotmail.com","853-219-1062 x78313","702 Richmond Road Suite 445","2021-02-22"
"171","Ron Ankunding","Gregoria.Thompson@yahoo.com","1-711-873-7367","73907 Erdman Street Suite 315","2021-02-23"
"172","Andres Farrell","Alessia_Blanda@hotmail.com","274-433-0723 x7901","581 Grady Manor Apt. 982","2023-02-16"
"173","Lula Jacobi","Dayna_Weissnat@hotmail.com","(290) 871-3599 x669","723 Creola Terrace Apt. 558","2024-10-02"
"174","Kirk Renner","Nakia48@hotmail.com","1-572-878-5202 x6803","55378 County Road Suite 866","2021-09-06"
"175","Emily Mraz","Roberta73@hotmail.com","1-257-781-0689 x476","41896 Fahey Ford Suite 836","2025-02-12"
"176","Ms. Genevieve Medhurst","Addie.Torp98@yahoo.com","(348) 979-4803 x155","45940 Gus Row Apt. 634","2022-05-26"
"177","Mr. Louis Schiller","Jillian.Grady@hotmail.com","1-772-469-8630 x80896","4256 Corene Rue Suite 459","2023-06-03"
"178","Priscilla Jacobi III","Vito47@hotmail.com","1-335-835-6272 x01204","884 Lebsack Point Suite 703","2025-06-04"
"179","Sherman Mohr MD","Thalia.Koch@gmail.com","231.663.5563","7873 Kellen Mews Apt. 816","2022-01-20"
"180","Sonja Prohaska II","Roosevelt.Smith52@hotmail.com","994-264-4271 x3316","746 14th Street Apt. 496","2023-03-23"
"181","Mae Sipes","Sophie.Waters@yahoo.com","1-213-715-7914","5253 Highland Avenue Apt. 171","2024-12-15"
"182","Dennis Smitham","Margot.Hansen49@hotmail.com","812.913.1892","96941 Joe Canyon Apt. 962","2025-09-01"
"183","Jamie Wintheiser","Everett53@yahoo.com","551.498.1181 x726","583 Shanahan Junction Apt. 951","2025-06-20"
"184","Patti Braun-Rowe","Beau_Kerluke10@gmail.com","1-204-530-8237 x0325","128 Welch Inlet Apt. 696","2023-10-03"
"185","Casey Wintheiser","Casimer.Stracke@hotmail.com","1-685-856-2290 x080","3977 Sipes Circles Apt. 246","2022-11-18"
"186","Marjorie Jast","Eleanora.Beer98@gmail.com","(424) 754-0844 x9605","520 The Paddock Apt. 741","2023-01-01"
"187","Mildred Haag-Mraz","Ray_Lebsack@hotmail.com","1-223-238-8193 x27881","7781 Mohr Fall Apt. 841","2022-02-01"
"188","Greg Fadel","Jake7@yahoo.com","625.623.3184 x8159","5750 Janie Avenue Suite 356","2022-12-29"
"189","Adrienne Brown MD","Name75@hotmail.com","798.802.5863","43220 Stokes Club Apt. 311","2023-06-04"
"190","Ernestine Armstrong","Daphne52@gmail.com","(646) 240-1897 x99173","36392 Ansley Falls Suite 258","2021-06-02"
"191","Shaun Bogan","Nova_Kreiger55@hotmail.com","(237) 506-9858 x47883","1671 Feest Ridges Apt. 292","2022-06-12"
"192","Mrs. Leslie Kuhic","Myrl59@hotmail.com","1-352-291-4773 x555","5016 Bergnaum Track Apt. 647","2023-05-14"
"193","Rosie Anderson","Alvis34@gmail.com","477.839.1136","47436 Lavonne Crossing Suite 737","2025-07-01"
"194","Herbert Turner","Norwood.OReilly@gmail.com","1-912-611-1486","7285 Schneider Camp Apt. 128","2021-05-29"
"195","Whitney Friesen","Claudine.Osinski@yahoo.com","(852) 996-2151 x77086","347 Stiedemann Shoals Apt. 379","2021-03-30"
"196","Linda Schmidt","Marie59@hotmail.com","736-434-1921","11999 Collins Avenue Suite 947","2025-03-10"
"197","Ms. Esther Wunsch IV","Deshawn58@hotmail.com","1-729-850-7894 x81412","485 Emiliano Fort Apt. 199","2024-12-21"
"198","Nancy Spencer","Claire96@hotmail.com","(538) 404-6510 x3281","660 Smitham Parkway Suite 745","2021-12-25"
"199","Heidi Johns I","Kayleigh_Hintz@gmail.com","563.761.4180 x6204","3503 Gislason Falls Suite 227","2023-11-21"
"200","Kara Toy","Electa72@gmail.com","(831) 817-2083","67574 Green Lane Apt. 969","2024-02-25"
"201","Timothy Steuber","Jakayla.Wolff31@yahoo.com","862-850-4162 x4698","12190 Eveline Trafficway Apt. 479","2024-07-08"
"202","Cynthia Wuckert","Clotilde_Reichert@hotmail.com","(761) 613-0981 x2236","44322 Runolfsson Burgs Apt. 592","2021-12-07"
"203","Aubrey Bode","Colt_Brown56@yahoo.com","676-645-8012","13579 Lafayette Street Suite 360","2022-03-27"
"204","Ed Bayer","Eloy_Harber99@hotmail.com","441-634-7547","800 Castle Lane Apt. 667","2021-09-05"
"205","Essie Marks","Kathryn35@hotmail.com","1-935-332-8681","4820 Church Lane Suite 153","2023-03-30"
"206","Jessica Considine","Raphaelle70@yahoo.com","264-346-6017","4805 Delfina Corners Suite 120","2022-06-09"
"207","Rosalie Oberbrunner","Retha_Schowalter-Wisoky@hotmail.com","1-450-800-9096 x5343","2180 Purdy Drives Suite 675","2022-11-24"
"208","Joshua Wiegand","Stacey.Koepp@gmail.com","(736) 676-4578","26141 S 6th Street Suite 913","2024-11-29"
"209","Matt Russel","Zander85@yahoo.com","684.929.3245 x2937","717 Noemie Port Suite 565","2024-10-16"
"210","Jeannie Morissette","Payton83@hotmail.com","1-588-543-2026 x7813","3956 Diego Drives Suite 470","2021-07-04"
"211","Nicholas Conroy","Eulalia_Zieme12@yahoo.com","540-825-4488 x508","3359 Maribel Circle Apt. 142","2020-10-30"
"212","Monique Macejkovic","Winifred.Collier32@hotmail.com","748.382.8462","6334 Lamont Loop Apt. 730","2024-11-22"
"213","Dr. Julius Dach","Abelardo_Ritchie@gmail.com","(320) 529-0311 x9571","172 Maurine Heights Suite 947","2023-07-05"
"214","Jesse Hyatt","Mandy.McDermott@gmail.com","(398) 544-0753 x98163","10251 9th Street Suite 494","2023-12-23"
"215","Penny McLaughlin","Amira.Rau35@yahoo.com","705-433-5503 x853","96373 Eryn Ridge Apt. 819","2023-08-08"
"216","Tina McDermott","Ole_Upton-Hoeger@hotmail.com","345-253-5810 x472","79523 Austyn Island Apt. 815","2025-10-10"
"217","Scott Reinger","Esteban.OConnell55@hotmail.com","382.838.9167","70438 Jeffry Underpass Apt. 818","2024-09-19"
"218","Lester Hintz","Penelope.Kulas54@hotmail.com","(567) 249-3109","676 Hall Lane Apt. 769","2022-02-19"
"219","Marlene Reichert","Noah_Spinka@gmail.com","791-314-3763 x1573","6284 3rd Avenue Apt. 154","2021-05-13"
"220","Becky Okuneva","Gina.Schimmel@yahoo.com","953.902.8283 x9084","8807 Weissnat Cliff Suite 688","2025-05-22"
"221","Margaret Mueller","Ebba_Yost@hotmail.com","1-385-519-3641 x500","88990 Emmalee Stream Suite 398","2021-11-24"
"222","Norma Mante","Nona85@hotmail.com","1-325-891-2289 x5617","919 Hettinger Lodge Apt. 584","2022-04-05"
"223","Carlos Becker","Demarco.Lehner@hotmail.com","(769) 345-2261 x49491","796 Chanel Centers Apt. 290","2024-06-05"
"224","Edgar Sporer","Martina69@hotmail.com","1-743-663-4790 x66154","16426 West View Apt. 117","2021-10-23"
"225","Darren Emard","Wilfredo42@yahoo.com","903-816-6724 x111","8232 Hand Landing Suite 699","2022-08-26"
"226","Darrell Klocko","Abigayle.Hoppe73@hotmail.com","942-411-3265 x10504","647 Shields Loop Apt. 214","2020-12-16"
"227","Teresa Mante-Paucek II","Antonina13@yahoo.com","990-577-9848 x80543","77483 Marlborough Road Apt. 800","2022-06-01"
"228","Melissa Pfeffer","Katrina83@hotmail.com","610-284-3440 x9000","759 W 7th Street Apt. 327","2022-04-28"
"229","Aaron Quitzon","Alfredo.Lubowitz@gmail.com","(684) 363-7704","48564 Lois Wells Apt. 851","2021-03-18"
"230","Dr. Jon O'Reilly","Danyka46@hotmail.com","(314) 374-9230 x8885","523 First Avenue Suite 398","2021-12-16"
"231","Hannah Kessler","Felipa87@hotmail.com","1-749-629-8870 x8675","449 Chestnut Close Apt. 942","2021-12-24"
"232","Diana Fritsch Jr.","Sherman.Walker@hotmail.com","1-656-836-9139 x41668","420 Bernhard Trafficway Suite 352","2021-07-13"
"233","Kara Yost II","Milo_Murray94@hotmail.com","1-347-317-0445","281 Ash Close Suite 268","2023-03-18"
"234","Essie Gutmann","Kacey73@yahoo.com","(700) 886-3897","633 Milton Road Suite 886","2023-03-01"
"235","Dr. Dexter Konopelski","Ottilie59@yahoo.com","956-856-1980 x48541","72250 Blanda Forge Apt. 926","2023-02-28"
"236","Noel Rohan","Stan.Hodkiewicz@gmail.com","532.394.2327 x321","17050 Tabitha Keys Suite 896","2021-09-16"
"237","Timothy Cassin","Meggie.Kuhic@gmail.com","553-376-6560 x978","759 Pinfold Lane Apt. 320","2022-04-24"
"238","Jonathon Reichel","Matt_Kreiger43@hotmail.com","1-573-790-2631 x393","74354 Maye Pine Apt. 729","2023-05-07"
"239","Ebony Green","Xander.Little@hotmail.com","996-700-5926 x7553","758 Cronin Road Apt. 698","2023-09-11"
"240","Mr. Darnell Watsica","Sid_VonRueden@hotmail.com","928.750.1508 x90143","204 Marks Club Apt. 129","2024-04-07"
"241","Ms. Hannah Franey","Griffin36@yahoo.com","306-628-9036 x0027","554 Sauer Glens Suite 356","2023-02-03"
"242","Levi Stracke","Magali.Kassulke@yahoo.com","909.565.8509 x77011","1840 Dickinson Track Suite 487","2023-07-31"
"243","Ron Terry","Kaylah39@yahoo.com","(804) 838-5135 x35630","489 Koepp Ways Suite 466","2025-05-05"
"244","Lora Kohler","Edwin.Mayert@gmail.com","1-935-420-3456","986 W Division Street Suite 890","2021-10-31"
"245","Dr. Willie Connelly","Noel_Mosciski@gmail.com","604-811-2013","174 14th Street Apt. 719","2021-09-30"
"246","Garrett Abbott I","Gino4@hotmail.com","1-345-772-4524 x7004","74126 N East Street Suite 629","2022-04-20"
"247","Kelly Dickens","Madisen96@hotmail.com","1-873-810-9543 x49289","6531 Cherry Close Apt. 707","2021-12-17"
"248","Christie Swaniawski DVM","Jaeden.Willms@hotmail.com","(306) 352-8621 x5766","4840 Kamille Forge Apt. 374","2022-05-08"
"249","Derek Hamill","Davion.Little5@hotmail.com","464-281-1319 x438","88220 Deckow Island Apt. 956","2025-05-25"
"250","Dr. Joshua Hilll","Athena70@gmail.com","355-683-3516 x4366","962 Dolores Meadows Apt. 276","2022-04-11"
"251","Miss Stacey Block","Abraham_Bradtke70@gmail.com","1-448-826-2985 x109","732 Schaefer Court Suite 391","2022-06-30"
"252","Owen Kling","Dashawn72@gmail.com","1-410-944-5212 x149","1504 Tina Centers Apt. 579","2025-10-13"
"253","Jose Barrows","Wilbert_Hickle@yahoo.com","554-754-7836 x616","1114 Marilyne Mall Suite 105","2024-11-22"
"254","Angie Zboncak","Steve.Jones@hotmail.com","1-879-367-6772 x153","656 Ryan Lights Suite 814","2023-10-29"
"255","Angie Jacobson","Rupert_Kuhlman@gmail.com","(906) 903-5493 x60855","16342 Anderson Wall Apt. 998","2022-06-23"
"256","Dr. Pamela King","Martine30@yahoo.com","956-913-3901 x2530","95842 Clifton Road Suite 731","2023-09-12"
"257","Verna Baumbach","Gisselle.Pfannerstill@yahoo.com","566-950-6908 x475","6032 Second Avenue Suite 122","2020-11-12"
"258","Kerry Conroy","Skyla.Maggio5@hotmail.com","797.262.9112","352 Melisa Islands Apt. 388","2024-04-05"
"259","Tamara Gulgowski","Jovany_Waelchi@yahoo.com","(981) 974-5916","58538 E Front Street Suite 133","2021-01-31"
"260","Norma Dickinson","Malika.Grant79@gmail.com","279-442-5617 x5853","2782 Union Street Suite 368","2021-09-21"
"261","Belinda Pollich","Cierra_Gutmann@hotmail.com","520.398.4728 x2418","454 Garett Junctions Suite 949","2025-03-04"
"262","Mrs. Mattie Wilkinson","Maximillia61@hotmail.com","(529) 402-8971 x46868","934 Littel Overpass Suite 222","2021-06-20"
"263","Harvey Murphy","Jedidiah60@hotmail.com","521-688-9893","81603 Jerde Rapids Apt. 688","2020-12-14"
"264","Lynn Keebler","Theodore_Baumbach@hotmail.com","1-301-446-8163 x988","8282 5th Avenue Suite 236","2021-03-29"
"265","Sophia Kerluke","Lorenz_Ortiz@yahoo.com","(796) 695-3484 x538","7674 Casper Key Suite 309","2025-08-08"
"266","Ms. Eileen Schultz","Jon_Brakus@gmail.com","811.608.3716 x732","23469 Elnora Parks Suite 964","2025-09-02"
"267","Jasmine Murray","Dangelo15@hotmail.com","717.590.3262 x5985","3438 8th Avenue Apt. 995","2024-10-13"
"268","Allen Schiller","Shemar86@yahoo.com","677-357-4308","918 Kristin Run Suite 647","2024-12-07"
"269","Alyssa Stamm-Rippin","Kameron.Upton26@yahoo.com","1-522-799-9712 x2281","2827 Baby River Suite 449","2024-05-15"
"270","Devin Kovacek","Lowell_Tromp@yahoo.com","835.605.5472 x794","338 Eladio Forest Apt. 889","2021-10-26"
"271","James Keebler DDS","Tyler_Carter34@hotmail.com","(972) 346-7059","8233 Donavon Harbors Apt. 152","2023-02-15"
"272","Elena Weimann","Serena_VonRueden98@hotmail.com","(668) 205-9192 x27880","49580 Ratke Mountain Apt. 701","2025-05-04"
"273","Lucia Sauer","Josefina_Kuphal@gmail.com","276-971-1984 x6554","38324 Russel Ports Apt. 795","2021-03-27"
"274","Rolando Boyer","Dallas24@yahoo.com","(529) 732-1614","8851 Adah Valley Suite 263","2020-11-15"
"275","Leo Sanford","Vesta69@hotmail.com","(813) 211-3198","7320 Borer Center Apt. 637","2022-09-29"
"276","Dr. Stanley Mohr","Kali_Windler70@gmail.com","584-315-6267","304 Zulauf Crest Apt. 526","2023-05-20"
"277","Jane Kuhlman","Henri_Nicolas@yahoo.com","(303) 636-1575","13161 Jefferson Street Apt. 366","2025-10-04"
"278","Joshua Roob","Alexane_McDermott@gmail.com","(972) 414-5309 x80275","150 Mozell Cape Apt. 292","2024-07-26"
"279","Peggy Steuber","Kenna23@gmail.com","1-922-361-0104","8310 Schneider Parkway Suite 327","2024-01-30"
"280","Sally Weissnat","Bethany80@hotmail.com","906-985-2807 x3927","82610 Cristobal Place Suite 490","2020-12-14"
"281","Karl McLaughlin","Hazle_Davis30@yahoo.com","410-873-2376 x9986","88743 Noemie Dam Apt. 592","2024-05-18"
"282","Lucia Heaney","Irwin.Abbott82@hotmail.com","(295) 605-3471","9468 Center Street Apt. 283","2021-08-10"
"283","Margie Powlowski","Bettye.Botsford@gmail.com","(201) 805-8587 x53947","91157 Market Street Suite 323","2023-08-28"
"284","Cassandra Hyatt","Easter.Vandervort18@gmail.com","514.418.1132 x9875","88241 Joshuah Trail Apt. 265","2025-06-07"
"285","Myrtle Haag","Landen_Bergstrom-Quigley2@gmail.com","651-741-7208","502 The Copse Suite 801","2023-03-03"
"286","Tanya Kohler","Valerie4@hotmail.com","(414) 629-6983 x9188","845 Monique Prairie Apt. 895","2022-04-01"
"287","Hazel Jast","Miracle_Hermann89@hotmail.com","1-292-887-3821 x140","190 Kris Falls Apt. 958","2023-03-19"
"288","Willard Grimes","Saul87@gmail.com","(338) 565-3640","9204 Ledner Manors Apt. 658","2023-06-18"
"289","Guy Ledner","Therese.Torphy54@yahoo.com","409-642-6365 x5121","797 S Front Street Apt. 944","2021-04-06"
"290","Lorenzo Kshlerin DVM","Eriberto_Hauck@yahoo.com","1-942-907-4568 x1628","7930 Queen's Road Apt. 847","2023-10-27"
"291","Jamie McLaughlin","Ernestine_Reichert@yahoo.com","1-649-256-0362 x243","50753 Bartoletti Overpass Apt. 909","2025-09-18"
"292","Milton Dietrich","Lizeth_Schultz79@gmail.com","294-384-5926","342 Erdman Neck Suite 715","2022-05-12"
"293","Sharon Blick","Trevion.Stoltenberg59@gmail.com","541-990-0067 x4947","98320 Johathan Forks Suite 946","2022-05-15"
"294","Erin Thiel","Pascale_Homenick@gmail.com","1-255-892-9626 x4445","89378 Broadway Street Suite 469","2023-05-03"
"295","Erik Kub","Malinda.Hansen77@hotmail.com","386.491.7016","6152 Veronica Corner Apt. 229","2020-11-22"
"296","Miss Viola Kreiger DDS","Paris_Dare27@gmail.com","1-262-779-2592 x07651","501 Lexie Branch Apt. 708","2021-02-03"
"297","Priscilla Rosenbaum-Runolfsson","Stefanie.Yundt53@gmail.com","534-699-3028","6198 Middle Street Suite 335","2021-02-04"
"298","Faith Vandervort III","Elta.Borer58@hotmail.com","694-496-6229 x447","93501 Windmill Close Apt. 331","2021-11-21"
"299","Stephen Powlowski V","Amy75@yahoo.com","553-648-5310","74673 DuBuque Trail Suite 256","2021-03-07"
"300","Becky Schuppe","Alexanne_Rohan@yahoo.com","588.853.9940 x11406","969 Kamryn Valleys Apt. 549","2023-08-19"
"301","Greg McCullough","Monica_Murphy70@yahoo.com","442-379-1281 x8201","730 W South Street Suite 574","2024-09-21"
"302","Elijah Daugherty","Rodger_Koelpin@yahoo.com","948.622.6034","324 Fannie Heights Apt. 264","2025-01-21"
"303","Brian Botsford","Damon92@gmail.com","(554) 973-7412 x574","26005 Shayne Motorway Apt. 378","2025-09-06"
"304","Mrs. Minnie Purdy","Desmond.Zieme23@yahoo.com","571-629-0735 x51717","95436 Kris Terrace Suite 865","2025-04-26"
"305","Stacey Hilpert-Blick","Francis.Nitzsche@hotmail.com","1-872-812-7500 x745","887 Laila Junction Suite 277","2022-10-19"
"306","Jackie Block","Domingo_Nitzsche@yahoo.com","667-219-1392 x951","568 The Grange Apt. 808","2025-01-31"
"307","Rochelle Langworth","Elmira48@yahoo.com","(723) 358-1189 x6582","43820 Edwardo Shores Suite 277","2022-12-06"
"308","Darrel Runolfsdottir","Lue94@yahoo.com","719.926.8717 x33412","28710 Dayton Villages Suite 972","2024-06-18"
"309","Mr. Henry Swaniawski","Ivy29@gmail.com","1-234-246-5968 x887","130 Sherwood Parkway Suite 856","2024-06-28"
"310","Paula Trantow","Benjamin50@hotmail.com","465-543-1083 x11604","290 Schoen Union Suite 656","2024-08-02"
"311","Mr. Johnathan Farrell","Lenora51@hotmail.com","1-566-803-0923 x22513","63321 Quarry Road Suite 665","2024-11-28"
"312","Mr. Andy Bergnaum","Reyna.Beatty95@yahoo.com","570.521.5832","8772 Pascale Skyway Apt. 514","2023-08-04"
"313","Jeff West","Dane.Crooks97@gmail.com","669.916.0169 x488","100 Travon Spurs Apt. 607","2023-01-23"
"314","Lee Kemmer","Marilie40@hotmail.com","635.565.8673 x6586","89692 Mertie Courts Suite 272","2021-09-15"
"315","Delores Wolf","Nasir38@hotmail.com","621-423-1944 x6438","3261 O'Keefe Court Suite 542","2021-01-12"
"316","Marion Hilll","Fermin.Tillman25@yahoo.com","(647) 592-4062","99769 Predovic Bridge Suite 818","2023-11-03"
"317","Cody Smith","Finn_Stroman-Klocko@gmail.com","(829) 738-7021","804 Fahey Mount Apt. 688","2022-08-13"
"318","Julio Torphy","Kacie_McGlynn57@hotmail.com","418-643-9149 x520","4577 Heron Close Apt. 118","2025-10-05"
"319","Holly Mills","Lenny_Carter@yahoo.com","995-566-3682 x1532","848 Hayes Pine Suite 646","2022-02-22"
"320","Jake Murazik MD","Myles_Emmerich96@gmail.com","256-494-8559 x846","113 Johanna Loop Apt. 751","2024-10-14"
"321","Ms. Della Witting","Josianne_Cole@gmail.com","713.537.6595","11543 Eulalia Mission Apt. 214","2022-11-03"
"322","Estelle Konopelski","Bernadine27@yahoo.com","1-949-810-3180 x640","270 Springfield Road Suite 997","2025-10-05"
"323","Elsie Homenick","Andre_McGlynn5@yahoo.com","1-334-654-1504 x943","11027 Kacey Forges Suite 237","2021-11-07"
"324","Stephanie Thiel","Glenna35@hotmail.com","(807) 283-8778 x731","57251 Clark Street Suite 889","2025-04-14"
"325","Lena Braun DDS","Chadrick_Kertzmann@gmail.com","1-905-548-0180 x930","393 Parkside Apt. 860","2021-12-29"
"326","Juanita Grimes","Saige.Wisozk@gmail.com","707.831.3900","66490 Bode Neck Suite 946","2022-02-21"
"327","Tiffany Stoltenberg-Robel","Keara62@gmail.com","1-972-359-4475 x8493","3533 N Railroad Street Apt. 854","2021-06-08"
"328","Sue Ondricka","Xavier.Breitenberg5@yahoo.com","1-404-568-3939 x253","1897 Adeline Ports Suite 473","2022-02-12"
"329","Dr. Andrew Streich","Brooke_Hilll-Vandervort44@yahoo.com","985-481-1117 x78901","9750 River Road Apt. 113","2024-05-20"
"330","Kelvin Streich","Ray.Ward5@gmail.com","846-255-3905 x93634","6360 Stoney Lane Apt. 994","2021-10-23"
"331","Kara O'Reilly","Al48@hotmail.com","1-393-955-1565 x8590","3037 Zoie Run Apt. 507","2021-11-24"
"332","Kristen Romaguera","General_Hauck@gmail.com","1-849-220-5876 x11415","5969 Jimmie Ridge Suite 933","2022-05-14"
"333","Jack Hand","Eva_Pollich66@yahoo.com","250.952.7294 x380","1967 Antone Courts Suite 589","2024-08-05"
"334","Maurice Zemlak-Haley","Dominique5@yahoo.com","(521) 302-8811 x6259","7511 Vanessa Stravenue Apt. 273","2021-07-09"
"335","Orville Larkin II","Ervin76@yahoo.com","1-281-466-2422 x7653","6037 Holly Close Apt. 484","2022-01-01"
"336","Noah Pfannerstill","Kennith.Boyer60@gmail.com","290.925.1538 x9816","7845 Kovacek Summit Suite 344","2024-04-26"
"337","Allison Krajcik","Oda_Blanda99@yahoo.com","370-279-7061 x466","9686 Alexandra Road Apt. 185","2025-03-25"
"338","Ralph Pfeffer","Marcellus_Hermiston20@gmail.com","(445) 466-6257 x19009","77197 Oak Drive Apt. 142","2025-09-13"
"339","Debra Abernathy","Kasandra_Schroeder@hotmail.com","244.258.6695 x84398","2992 Hansen Rue Apt. 421","2025-04-22"
"340","Patti VonRueden","Jeanette.Upton@gmail.com","844.370.0230 x4866","58928 Juniper Close Suite 285","2022-10-06"
"341","Alexandra Bauch","Shanie.Hills@yahoo.com","1-406-544-8538 x80024","476 N Jefferson Street Suite 591","2022-05-05"
"342","Antoinette Franey","Marilie_Gottlieb59@gmail.com","250.995.9339","226 Schaefer Fall Apt. 125","2024-01-22"
"343","Elvira Zboncak","Bernadine.Tromp@hotmail.com","739.536.4156","8342 Wehner Terrace Suite 290","2022-03-17"
"344","Mr. Wendell Greenholt","Carli.Jakubowski61@hotmail.com","462.582.0364","368 E 11th Street Suite 281","2023-12-22"
"345","Angela Mosciski","Milan.Smith39@yahoo.com","1-339-261-1991","4049 Maxine Flat Suite 641","2023-10-18"
"346","Ms. Sheri Mante","Fernando_Harris@hotmail.com","594.208.6705 x9220","54639 Remington Oval Suite 384","2023-11-02"
"347","Sophia D'Amore","Noelia.Kiehn16@gmail.com","372.991.1775 x876","92754 Rowan Close Apt. 826","2023-09-30"
"348","Tony Wolff","Chadd.Lindgren63@yahoo.com","813-751-2458 x3402","53522 Luisa Streets Apt. 409","2025-06-14"
"349","Devin Yost","Anita.Luettgen49@gmail.com","(429) 271-3063 x177","9942 Dickinson Crest Apt. 688","2022-04-12"
"350","Janie Nienow II","Leonardo54@gmail.com","1-981-584-6820","64355 E Washington Avenue Apt. 693","2021-03-21"
"351","Meghan Ferry","Sherwood_Casper@gmail.com","419.804.3737 x24142","1455 Reggie Extensions Suite 112","2021-11-16"
"352","May Berge","Oda99@yahoo.com","240-390-9515 x6327","4082 Luisa Canyon Apt. 650","2024-04-03"
"353","Ryan Shanahan","Eden91@yahoo.com","401.363.1401 x4466","918 Dessie Cape Apt. 530","2022-10-26"
"354","Cesar Lueilwitz","Willa_Leuschke77@gmail.com","547.309.7838","840 Hackett Harbor Apt. 898","2021-04-21"
"355","Jill Conn DDS","Halie.Huel@gmail.com","230-657-6147","25333 W Central Avenue Suite 230","2024-10-12"
"356","Shane McDermott","Omari.Windler60@gmail.com","248-487-8316","137 Kaylee Lakes Apt. 374","2021-09-28"
"357","Johanna Cole","Salma55@hotmail.com","1-516-204-4116 x602","384 Garden Street Suite 476","2022-03-16"
"358","Gail McDermott","Judy_Parker@hotmail.com","1-896-689-9590 x9589","638 N Bridge Street Suite 733","2022-09-01"
"359","Carroll Klein","Barney_Ryan@gmail.com","973.290.4179","461 Amir Circle Suite 448","2021-11-03"
"360","Blanche Aufderhar","Jermain.Gusikowski45@gmail.com","387-397-4499 x330","7692 Myrtle Hollow Apt. 725","2021-11-17"
"361","Naomi Kemmer","Kaley_Crona-Greenfelder5@hotmail.com","550.849.1041 x1774","94862 E 9th Street Suite 868","2024-06-09"
"362","Edgar Fisher","Earline.Bosco38@hotmail.com","(743) 567-7272","313 Watery Lane Apt. 413","2022-04-05"
"363","Arturo Greenfelder V","Dale_Parisian92@yahoo.com","727-227-4397 x12398","4470 Third Avenue Apt. 455","2022-03-18"
"364","Jon Ratke","Jennyfer_Schumm20@yahoo.com","304-800-9595","300 Spencer Wells Suite 857","2023-02-03"
"365","Roland Parisian","Angeline45@hotmail.com","398-708-1116 x2100","7381 Predovic Bridge Apt. 819","2022-11-15"
"366","Hope Witting","Ethyl77@gmail.com","(230) 443-6820","24449 West End Apt. 107","2023-01-30"
"367","Jon Reynolds","Columbus_Hickle@yahoo.com","903-767-8291 x1829","9537 Fahey Courts Apt. 456","2021-10-02"
"368","Mr. Omar Flatley","Destinee.Marquardt49@yahoo.com","812.898.2527 x07553","8530 Mayert Lakes Suite 395","2024-01-08"
"369","Orlando Metz","Aliza_Hegmann-Lindgren31@gmail.com","1-652-448-2811 x435","3347 Hermann Path Suite 856","2024-10-27"
"370","Mr. Salvatore Halvorson","Janet.Dicki@hotmail.com","458.207.4608 x241","4368 Angelica Divide Apt. 930","2021-03-11"
"371","Mr. Marion Bradtke","Carley2@gmail.com","(900) 311-8168 x82873","4256 Beach Road Suite 968","2021-08-20"
"372","Mrs. Mable Hayes","Desmond_Aufderhar@hotmail.com","576.889.9828 x783","92297 Scotty Lakes Suite 571","2021-04-12"
"373","Jimmy Collier","Zackary_Murray@hotmail.com","486-747-1502 x51054","912 Commercial Road Apt. 107","2020-11-02"
"374","Judith Ankunding","Leanna.Abernathy@hotmail.com","352-793-9876 x860","9985 Jackson Avenue Apt. 457","2024-07-31"
"375","Connie Beier","Annalise92@yahoo.com","849.750.3260 x465","1176 University Drive Suite 872","2021-08-04"
"376","Nicolas Trantow","Idell.Beer19@yahoo.com","259-279-6781 x87061","271 Haley Ridges Apt. 598","2023-04-16"
"377","Sophie Cole","Nelda_Wuckert@gmail.com","556-631-9582 x420","62827 Aileen Harbors Apt. 188","2022-10-14"
"378","Perry Moen","Blaise33@hotmail.com","657.739.7887 x31257","98233 Huel Greens Suite 437","2025-04-14"
"379","Mona Batz","Marshall.Quitzon@hotmail.com","1-597-533-1748 x353","596 DuBuque Views Suite 466","2021-02-15"
"380","Neil Lemke","Lera.Herman@yahoo.com","379-763-7927","2907 Mraz Forges Suite 380","2022-09-25"
"381","Lyle Leannon","Gianni.Hayes@yahoo.com","(265) 544-9789 x32557","613 Smith Run Apt. 789","2023-10-17"
"382","Josephine Nicolas","Winston80@hotmail.com","1-319-915-0488","2466 Bergstrom Rest Suite 884","2021-10-26"
"383","Dave Beatty V","Guiseppe45@yahoo.com","314-279-8761","80973 Crona Lock Apt. 854","2023-08-10"
"384","Ismael Dicki-Mayert","Rae_Goldner@gmail.com","1-693-340-6681","10192 Robbie Loaf Apt. 556","2023-02-03"
"385","Reginald Homenick","Saul62@yahoo.com","741.530.7040 x22380","580 Bode Spring Suite 436","2021-03-06"
"386","Courtney Veum Sr.","Deshaun.Weber18@hotmail.com","1-333-561-1736","7057 Ellsworth Ridges Suite 921","2021-06-23"
"387","Heidi Cummings","Kamren49@gmail.com","1-655-741-9004","54438 Nannie Prairie Suite 355","2024-05-24"
"388","Dr. Jeremiah Nolan","Clotilde.Pfannerstill45@gmail.com","1-527-592-8872 x9461","71323 Belmont Road Suite 117","2022-01-04"
"389","Wayne Windler","Jacky.Smitham43@yahoo.com","679-606-8052","357 Rogahn Harbor Suite 715","2024-02-16"
"390","Harold Anderson","Rita.Prosacco89@hotmail.com","751-382-4822 x91444","8330 Bins Dale Apt. 665","2023-03-01"
"391","Ryan Stracke","Rosie_Graham78@yahoo.com","923.624.6491 x893","70088 Charlie Park Apt. 965","2021-02-03"
"392","Flora Schiller","Sarah_Rogahn31@yahoo.com","259.731.0025 x00837","396 Easter Ferry Apt. 723","2022-08-22"
"393","Minnie Bergstrom-Dibbert","Fiona.Greenholt@gmail.com","1-587-921-3281 x58161","631 Harris Manor Suite 383","2023-09-16"
"394","Lynn West","Asha5@gmail.com","1-990-629-2854 x983","877 Bruce View Suite 896","2024-03-18"
"395","Max Spinka","Name90@gmail.com","534.600.8052","50954 Gutmann Expressway Suite 984","2021-04-21"
"396","Patrick Rice","Cora.Waters@hotmail.com","702.933.5181 x3523","5323 Abdul Bridge Suite 857","2021-08-14"
"397","Thomas Jones-Von DVM","Lawrence_Bogan95@yahoo.com","236.848.8820 x99154","883 Aniya Spurs Apt. 989","2024-05-29"
"398","Jenna Doyle","Ned.Daugherty84@yahoo.com","1-913-404-2244 x362","12521 Letha Tunnel Suite 535","2022-11-15"
"399","Annie Nader","Pearl.Schumm82@hotmail.com","(689) 776-9433","53735 Allen Mountains Apt. 505","2024-01-18"
"400","Nichole Durgan","Dannie2@gmail.com","488-357-9124 x30034","976 Commercial Road Apt. 525","2024-04-24"
"401","Traci Lebsack","Buster34@yahoo.com","803-622-0754 x5082","46767 Gerhold Bridge Suite 967","2024-07-23"
"402","Antonio Kassulke","Ottis_Marks19@yahoo.com","(346) 867-4359 x95758","421 Quigley Avenue Apt. 779","2021-01-09"
"403","Wm Kuhic","Elise.Schoen@gmail.com","448-700-0027 x942","545 E 6th Street Apt. 859","2022-05-10"
"404","Morris Kerluke","Nina90@yahoo.com","1-789-847-2237 x1787","125 Amparo Spring Suite 769","2023-12-15"
"405","Luke Ryan","Josiah77@gmail.com","853-396-7031 x725","70595 A Street Apt. 967","2025-04-29"
"406","Stephanie Waelchi","Marquise51@yahoo.com","1-455-885-8337","61689 Mozelle Drives Suite 728","2022-01-21"
"407","Hubert Schroeder","Brant93@gmail.com","(202) 465-0848 x1135","10999 Hayes Underpass Suite 925","2021-01-13"
"408","Kendra Kuphal","Reina_Hessel@hotmail.com","(719) 884-4202 x04221","8859 Cruickshank Haven Suite 108","2021-11-07"
"409","Jeanette Carter","Joana.Mitchell7@gmail.com","370-988-5033","304 Estella Manors Suite 281","2025-10-16"
"410","Mercedes Dickens IV","Dominique.Wolff34@gmail.com","(579) 388-8599 x9551","80617 Woodlands Road Apt. 492","2023-04-11"
"411","Mona McLaughlin","Jon.Crist28@gmail.com","(760) 326-7190","656 Lake Road Apt. 556","2023-04-12"
"412","Madeline West","Bud_Mueller@hotmail.com","1-281-306-2747 x0217","5508 Priory Close Apt. 554","2025-07-10"
"413","Tommy Hand-Gutmann Sr.","Lempi.Harris@yahoo.com","506.989.3801 x120","5752 Lillian Gardens Suite 622","2025-07-04"
"414","Loretta Dibbert DDS","Marjolaine.Heidenreich62@gmail.com","492-511-9858","81458 Nayeli Wells Apt. 110","2023-02-24"
"415","Gloria Turner","Elmira_Lubowitz27@hotmail.com","(602) 985-5707 x504","77882 E 8th Street Suite 908","2025-10-12"
"416","Carla Yundt","Jeanette_MacGyver@gmail.com","1-738-655-3339 x5832","308 Padberg Land Suite 642","2024-06-15"
"417","Lucille Sawayn","Erwin77@yahoo.com","920-773-4706","455 Albany Road Suite 239","2021-04-30"
"418","Dale Monahan","Hunter.Shanahan97@yahoo.com","587.753.6620","78300 Rutherford Freeway Apt. 638","2023-09-23"
"419","Allan Gerhold","Ada_Johnston54@gmail.com","607-200-9269","3131 Feest Shoal Apt. 785","2022-06-15"
"420","Bob Heathcote","Stephan99@gmail.com","446-355-3158 x1097","953 Gudrun Burgs Suite 847","2023-05-20"
"421","Angelina Herzog DDS","Verna91@gmail.com","732-383-3835","9944 E Jackson Street Suite 467","2024-04-26"
"422","Dr. Elbert Larson","Heath79@gmail.com","1-818-382-3551 x38596","265 Prosacco Burgs Suite 874","2020-11-23"
"423","Malcolm Schowalter","Delpha33@yahoo.com","(912) 652-0066 x54568","87122 Howard Road Suite 929","2022-12-08"
"424","Dana Wiza","Irma57@gmail.com","1-981-340-0215 x08243","70180 Woodland Road Suite 708","2021-06-23"
"425","Mrs. Faith Keebler DVM","Dave_Stamm20@yahoo.com","828-964-1046","184 Aryanna Plaza Apt. 771","2025-08-28"
"426","Alberta Casper","Newell86@yahoo.com","844.684.5473","2181 E Front Street Suite 298","2024-01-28"
"427","Juan Barton","Tiara_Blanda42@yahoo.com","285-603-7648 x9691","74353 S Elm Street Suite 339","2021-04-07"
"428","Amos Ebert","Sidney.Keebler@yahoo.com","254.941.6930 x66388","30370 The Beeches Apt. 386","2024-05-26"
"429","Danny Tremblay","Charley_Schuster@hotmail.com","(420) 654-0856 x19024","41764 Milton Street Suite 259","2025-09-09"
"430","Anthony Bosco","Retha.Kovacek@hotmail.com","1-874-480-3941 x910","439 Alfred Street Apt. 608","2025-09-03"
"431","Marion Mitchell","Julia33@yahoo.com","999-340-5337 x2216","1851 N College Street Apt. 413","2023-10-03"
"432","Cesar Tillman-Dickinson","Leda.Zemlak45@hotmail.com","368-335-1287 x328","5994 Railroad Avenue Suite 887","2021-04-14"
"433","Terry Lindgren","Elliott.Larson78@yahoo.com","1-684-217-2710 x83706","719 Graham Junctions Apt. 722","2022-08-09"
"434","Miss Debra Carter","Arch70@gmail.com","(237) 410-7826 x359","9427 Kunde Circles Suite 285","2025-09-12"
"435","Jacqueline Bode","Travis.Goldner@gmail.com","663.777.4528","344 Newell Club Suite 944","2023-02-21"
"436","Jake Morar","Shyann_Bednar72@hotmail.com","1-569-670-6130 x49781","303 Windsor Close Apt. 728","2022-02-25"
"437","Danielle Weimann","Adelle43@yahoo.com","929.718.0218 x0792","8975 Erik Knolls Apt. 730","2023-04-13"
"438","Dr. Monica Mertz","Diana_Flatley@gmail.com","(712) 778-0617 x55485","259 Talbot Road Apt. 836","2025-04-23"
"439","Kurt Hoeger","Robbie_Gislason@yahoo.com","547.873.6269 x577","545 Center Street Apt. 776","2022-06-28"
"440","Lester Crona","Torrey.Koepp@hotmail.com","1-890-974-7678 x1890","4130 S Chestnut Street Suite 390","2021-10-31"
"441","Marsha Kuhic","Floy.Murray54@gmail.com","1-804-550-8711 x7329","3067 Woodland Close Apt. 999","2024-03-25"
"442","Sonia Abshire","Alexane68@gmail.com","(324) 537-6959 x034","811 S Broad Street Suite 962","2024-06-08"
"443","Fred Gibson","Nestor67@gmail.com","539-401-3282 x5819","6666 Harvey Cove Apt. 939","2023-04-14"
"444","Ms. Molly Cummings","Mittie10@yahoo.com","526.456.2669 x089","849 Freddy Neck Apt. 134","2022-03-27"
"445","Latoya Ebert","Blair97@yahoo.com","1-818-295-8530","3997 Myron Overpass Suite 399","2024-06-20"
"446","Kurt Heaney III","Gordon.Dickinson@gmail.com","815.497.0802 x6118","9488 Cassandre Stravenue Apt. 112","2024-10-19"
"447","Dr. Alberto O'Keefe","Izaiah39@yahoo.com","426-824-2015 x4951","99517 State Road Apt. 711","2022-09-28"
"448","Nina Pfeffer II","Trey.Glover@gmail.com","635-282-0023 x7420","491 Castle Street Suite 835","2021-11-05"
"449","Kendra Sauer","Hadley_Herzog@hotmail.com","1-919-275-2184 x06456","7425 S Washington Street Suite 957","2024-08-28"
"450","Yvette Kutch-Labadie","Aurelia16@hotmail.com","285-511-0882 x27289","728 W Main Street Apt. 802","2021-09-30"
"451","Mrs. Charlotte Walker","Mckenna.Heathcote72@gmail.com","1-685-668-0675","85269 Crona Groves Suite 619","2021-09-24"
"452","Deborah Oberbrunner","Brionna.Emard@hotmail.com","1-673-658-7100 x351","19579 Donnelly Route Suite 909","2021-05-19"
"453","Ms. Rhonda Predovic","Lavina_Bradtke@yahoo.com","1-350-639-1051","7592 Hillside Road Suite 769","2022-02-07"
"454","Dawn Ward","Cleora_Raynor@hotmail.com","923.466.9493 x40132","457 Mount Street Suite 763","2024-10-21"
"455","Woodrow Fritsch","Willy.Weber66@hotmail.com","(334) 817-0585","42233 Nicolas Cove Suite 597","2024-04-18"
"456","Carolyn Herzog","Pearline_Murazik-Hagenes@gmail.com","442-472-7986 x33712","48247 Kuhlman Wall Suite 656","2022-12-11"
"457","Neil Grady","Jovany.Stroman82@hotmail.com","525-854-8417 x7340","92520 N Locust Street Apt. 197","2025-07-17"
"458","Bryant Wintheiser","Alessandra69@yahoo.com","204.467.7162 x5056","12826 Koby Lake Apt. 986","2021-01-30"
"459","Rudolph Christiansen","Eusebio_Nader96@hotmail.com","497.502.1722 x845","46536 Deckow Lock Suite 341","2022-05-07"
"460","Dr. Russell Toy","Ludie.Daugherty68@yahoo.com","1-968-244-2690 x23365","664 Turner Extension Suite 382","2022-04-21"
"461","Gilbert Pagac","Brittany.Brown@yahoo.com","(669) 841-0586 x22759","558 Abbott Spur Apt. 602","2023-11-16"
"462","Mr. Fredrick Macejkovic","Maybell63@gmail.com","432.779.6527 x75321","10840 Lorna Mount Suite 346","2025-04-03"
"463","Javier Fahey","Ansel_Waelchi@hotmail.com","741-226-4671 x23350","207 Priory Road Apt. 915","2023-12-03"
"464","Alfredo Brown IV","Aiden_Schiller@yahoo.com","1-243-515-9311 x3973","4448 The Green Apt. 965","2022-02-05"
"465","Jimmy Stroman","Price99@gmail.com","(993) 816-2659","21023 The Paddocks Apt. 562","2025-07-12"
"466","Edward Schumm","Doyle_Balistreri42@hotmail.com","710.471.6904 x00942","407 Gusikowski Hills Apt. 301","2024-04-14"
"467","Mr. Jeremy Schimmel","Nadia56@gmail.com","318-878-3195","381 Wisozk Junction Suite 360","2021-08-26"
"468","Francisco Leuschke","Xzavier_Bartell@hotmail.com","693-937-5903 x098","76031 Bednar River Suite 810","2023-08-26"
"469","Rosie Cummings III","Sharon_OConner@gmail.com","1-798-752-5117 x25174","7746 Nestor Parks Suite 216","2025-02-08"
"470","Rogelio Glover","Dustin_Tromp36@gmail.com","610-412-8551 x7834","8837 Gutkowski Centers Suite 543","2024-12-16"
"471","Estelle Rath-Brekke","Rylee_Nolan@yahoo.com","(678) 315-6940 x3227","8920 Runolfsson Highway Suite 669","2021-10-19"
"472","Antoinette D'Amore","Jaquelin_Veum@yahoo.com","(391) 603-6922 x772","35095 Waylon Lights Suite 164","2022-04-01"
"473","Pat Paucek","Matilda.Kautzer75@yahoo.com","(808) 639-0251 x012","714 Lynch Harbor Apt. 795","2024-06-09"
"474","Clarence Gleichner","Edwin_Watsica62@yahoo.com","773.333.9417 x207","1829 Kristofer Harbor Apt. 687","2023-06-30"
"475","Lionel Leuschke","Anastasia43@hotmail.com","(973) 583-6964","22245 Granville Street Apt. 484","2022-05-14"
"476","Robin Bayer","Saige44@gmail.com","355.597.5963 x97259","644 Blaze Meadow Apt. 589","2025-02-14"
"477","Angelina Romaguera","Esmeralda.Smith75@hotmail.com","790-889-8742 x51655","33116 Davis Street Apt. 496","2023-04-21"
"478","Betty Buckridge","Zelma45@gmail.com","942-628-0869","46135 Reynolds Junctions Apt. 391","2025-06-18"
"479","Colin Ritchie","Devyn.Ruecker-Blick45@gmail.com","1-629-810-7611","2268 E North Street Suite 557","2023-11-22"
"480","Martha Weimann","Bradly_Mitchell@hotmail.com","287.221.9650 x70341","92625 Clark Center Apt. 534","2021-11-17"
"481","Sally Waters","Marcel.Smitham@hotmail.com","(290) 264-0042 x6651","89098 E River Road Apt. 530","2022-11-11"
"482","Gary Connelly","Jerad_Dibbert37@hotmail.com","907.771.8868","1272 St Andrews Close Apt. 969","2025-01-02"
"483","Rose Abshire","Wilber.Bode@hotmail.com","601-655-8886 x34991","965 Jacques Cape Apt. 232","2025-09-01"
"484","Ruth Bednar","Mohammed.Friesen-Steuber@yahoo.com","445-887-8078 x114","72713 Brenna Viaduct Apt. 774","2023-11-17"
"485","Donna Botsford","Trent83@yahoo.com","1-883-813-3289","2097 Shana Bridge Apt. 975","2025-03-13"
"486","Gilberto Davis DVM","Bonita_Schmitt@hotmail.com","743-367-7557","994 Front Street Apt. 794","2021-08-13"
"487","Horace Stamm","Jasen_Mohr@hotmail.com","1-388-363-6022 x4589","412 Bath Street Suite 424","2023-12-23"
"488","Guy Rippin","Arvilla.Bechtelar53@gmail.com","460-801-7434 x52231","955 Pollich Flats Suite 744","2022-07-16"
"489","Wilson McKenzie","Camylle53@gmail.com","916.438.6614 x51874","1131 S Front Street Apt. 375","2023-02-21"
"490","Dr. Randy Cartwright","Ali15@yahoo.com","1-936-561-9563 x78778","737 Desmond Extensions Suite 849","2024-12-22"
"491","Chris Becker","Sierra.Senger47@hotmail.com","646.854.9168","75570 Giovanny Trace Suite 903","2024-07-06"
"492","Guillermo Muller","Lacy64@yahoo.com","(892) 885-8875 x670","12182 Ethyl Orchard Apt. 659","2021-11-28"
"493","Tabitha Harvey","Gust.Waters48@hotmail.com","(682) 746-8642 x9032","311 Murray Stravenue Suite 253","2022-03-18"
"494","Nick Ebert","Marquise_Hamill-Berge74@gmail.com","(542) 378-1997 x2556","17511 The Maltings Apt. 345","2021-12-19"
"495","Debbie Wolf","Frankie_Nolan39@hotmail.com","(340) 285-1307","10301 Cormier Estates Suite 535","2022-10-12"
"496","Arlene Dietrich","Kali74@hotmail.com","(219) 813-1868 x1183","659 Swift Drive Apt. 349","2023-05-20"
"497","Eduardo Doyle","Maiya87@yahoo.com","1-325-455-6293 x23326","44857 Rosenbaum Court Suite 834","2025-07-04"
"498","Sherri Harris","Myra.Botsford73@gmail.com","(228) 346-6161 x308","53042 E Broadway Apt. 398","2022-10-22"
"499","Annie Auer-Schimmel","Domenic_Schneider@yahoo.com","(349) 245-2558 x8207","90974 Veum Pike Suite 299","2022-05-23"
"500","Cecilia Kozey","Esmeralda_Stanton@yahoo.com","836.440.4952 x36527","7460 Amiya Shores Apt. 195","2022-05-25"